{"cameraMode":{"drawMode":0,"name":"Shaded","section":"Shading Mode"},"sceneLighting":true,"audioPlay":false,"sceneViewState":{"showFog":true,"showMaterialUpdate":false,"showSkybox":true,"showFlares":true,"showImageEffects":true,"showParticleSystems":true},"in2DMode":false,"pivot":{"x":72.6252670288086,"y":166.5665283203125,"z":40.750732421875},"rotation":{"x":-0.3895649015903473,"y":0.5190786719322205,"z":-0.2867901921272278,"w":-0.7047424912452698},"size":98.67094421386719,"orthographic":true}